1,io.github.justson:agentweb-core,Yes,https://github.com/Justson/AgentWeb,https://github.com/Justson/AgentWeb,Yes,https://central.sonatype.com/artifact/io.github.justson/agentweb-core/v5.1.1-androidx,Yes
2,io.github.justson:agentweb-filechooser,Yes,https://github.com/justson/agentweb,https://github.com/justson/agentweb,Yes,https://central.sonatype.com/artifact/io.github.justson/agentweb-filechooser/v5.1.1-androidx,Yes
3,io.github.lucksiege:camerax,Yes,https://github.com/LuckSiege/PictureSelector,https://github.com/LuckSiege/PictureSelector,Yes,https://central.sonatype.com/artifact/io.github.lucksiege/camerax/v3.11.2,Yes
4,io.github.lucksiege:compress,Yes,https://github.com/lucksiege/pictureselector,https://github.com/lucksiege/pictureselector,Yes,https://central.sonatype.com/artifact/io.github.lucksiege/compress/v3.11.2,Yes
5,io.github.lucksiege:pictureselector,Yes,https://github.com/LuckSiege/PictureSelector,https://github.com/LuckSiege/PictureSelector,Yes,https://central.sonatype.com/artifact/io.github.lucksiege/pictureselector/2.6.3,Yes
6,io.github.lucksiege:ucrop,Yes,https://github.com/lucksiege/pictureselector,https://github.com/lucksiege/pictureselector,Yes,https://central.sonatype.com/artifact/io.github.lucksiege/ucrop/v3.11.2,Yes
7,io.github.shichuanenhui:pictureselector,Yes,https://github.com/lucksiege/pictureselector,https://github.com/lucksiege/pictureselector,Yes,https://central.sonatype.com/artifact/io.github.shichuanenhui/pictureselector/1.1.0,Yes
8,io.github.shichuanenhui:ucrop,Yes,https://github.com/lucksiege/pictureselector,https://github.com/lucksiege/pictureselector,Yes,https://central.sonatype.com/artifact/io.github.shichuanenhui/ucrop/1.0.0,Yes
9,com.github.justcoke:dropwizard-jackrabbit,No,https://github.com/engel-b/dropwizard-jcr-module,https://github.com/engel-b/dropwizard-jcr-module,Yes,https://central.sonatype.com/artifact/com.github.justcoke/dropwizard-jackrabbit/1.1.0-rc4,Yes
10,com.github.justcoke:dropwizard-jcr,No,https://github.com/engel-b/dropwizard-jcr-module,https://github.com/engel-b/dropwizard-jcr-module,Yes,https://central.sonatype.com/artifact/com.github.justcoke/dropwizard-jcr/1.1.0-rc4,Yes
11,com.github.justcoke:dropwizard-jcr-parent,No,https://github.com/justcoke/dropwizard-jcr,https://github.com/justcoke/dropwizard-jcr,Yes,https://central.sonatype.com/artifact/com.github.justcoke/dropwizard-jcr-parent/1.1.0-rc4,Yes
12,io.dropwizard.archetypes:dropwizard-archetypes,Yes,https://github.com/dropwizard/dropwizard,https://github.com/dropwizard/dropwizard,Yes,https://central.sonatype.com/artifact/io.dropwizard.archetypes/dropwizard-archetypes/4.0.6,Yes
13,io.dropwizard.archetypes:java-simple,Yes,https://github.com/dropwizard/dropwizard,https://github.com/dropwizard/dropwizard,Yes,https://central.sonatype.com/artifact/io.dropwizard.archetypes/java-simple/4.0.6,Yes
14,io.dropwizard:docs,Yes,https://github.com/dropwizard/dropwizard,https://github.com/dropwizard/dropwizard,Yes,https://central.sonatype.com/artifact/io.dropwizard/docs/2.0.0-rc5,Yes
15,io.dropwizard:dropwizard-assets,Yes,https://github.com/dropwizard/dropwizard,https://github.com/dropwizard/dropwizard,Yes,https://central.sonatype.com/artifact/io.dropwizard/dropwizard-assets/5.0.0-alpha.1,Yes
16,io.dropwizard:dropwizard-auth,Yes,https://github.com/dropwizard/dropwizard,https://github.com/dropwizard/dropwizard,Yes,https://central.sonatype.com/artifact/io.dropwizard/dropwizard-auth/5.0.0-alpha.1,Yes
17,io.dropwizard:dropwizard-benchmarks,Yes,https://github.com/dropwizard/dropwizard,https://github.com/dropwizard/dropwizard,Yes,https://central.sonatype.com/artifact/io.dropwizard/dropwizard-benchmarks/0.9.0-rc4,Yes
18,io.dropwizard:dropwizard-bom,Yes,https://github.com/dropwizard/dropwizard/issues,https://github.com/dropwizard/dropwizard/issues,Yes,https://central.sonatype.com/artifact/io.dropwizard/dropwizard-bom/5.0.0-alpha.1,Yes
19,com.vip.vjtools:vjkit,Yes,https://github.com/vipshop/vjtools,https://github.com/vipshop/vjtools,Yes,https://central.sonatype.com/artifact/com.vip.vjtools/vjkit/1.0.8,Yes
20,com.vip.vjtools:vjmap,Yes,https://github.com/vipshop/vjtools,https://github.com/vipshop/vjtools,Yes,https://central.sonatype.com/artifact/com.vip.vjtools/vjmap/1.0.8,Yes
21,com.vip.vjtools:vjmxcli,Yes,https://github.com/vipshop/vjtools,https://github.com/vipshop/vjtools,Yes,https://central.sonatype.com/artifact/com.vip.vjtools/vjmxcli/1.0.8,Yes
22,com.vip.vjtools:vjtools,Yes,https://github.com/vipshop/vjtools,https://github.com/vipshop/vjtools,Yes,https://central.sonatype.com/artifact/com.vip.vjtools/vjtools/1.0.8,Yes
23,com.vip.vjtools:vjtop,Yes,https://github.com/vipshop/vjtools,https://github.com/vipshop/vjtools,Yes,https://central.sonatype.com/artifact/com.vip.vjtools/vjtop/1.0.8,Yes
24,jp.wasabeef:glide-transformations,Yes,https://github.com/wasabeef/glide-transformations,https://github.com/wasabeef/glide-transformations,Yes,https://central.sonatype.com/artifact/jp.wasabeef/glide-transformations/4.3.0,Yes
25,io.github.resilience4j:resilience4j-all,Yes,https://github.com/resilience4j/resilience4j,https://github.com/resilience4j/resilience4j,Yes,https://central.sonatype.com/artifact/io.github.resilience4j/resilience4j-all/2.2.0,Yes
26,io.github.resilience4j:resilience4j-annotations,Yes,https://github.com/resilience4j/resilience4j,https://github.com/resilience4j/resilience4j,Yes,https://central.sonatype.com/artifact/io.github.resilience4j/resilience4j-annotations/2.2.0,Yes
27,io.github.resilience4j:resilience4j-bom,Yes,https://github.com/resilience4j/resilience4j,https://github.com/resilience4j/resilience4j,Yes,https://central.sonatype.com/artifact/io.github.resilience4j/resilience4j-bom/2.2.0,Yes
28,io.github.resilience4j:resilience4j-bulkhead,Yes,https://github.com/resilience4j/resilience4j,https://github.com/resilience4j/resilience4j,Yes,https://central.sonatype.com/artifact/io.github.resilience4j/resilience4j-bulkhead/2.2.0,Yes
29,io.github.resilience4j:resilience4j-cache,Yes,https://github.com/resilience4j/resilience4j,https://github.com/resilience4j/resilience4j,Yes,https://central.sonatype.com/artifact/io.github.resilience4j/resilience4j-cache/2.2.0,Yes
30,io.github.resilience4j:resilience4j-circuitbreaker,Yes,https://github.com/resilience4j/resilience4j,https://github.com/resilience4j/resilience4j,Yes,https://central.sonatype.com/artifact/io.github.resilience4j/resilience4j-circuitbreaker/2.2.0,Yes
31,io.github.resilience4j:resilience4j-circularbuffer,Yes,https://github.com/resilience4j/resilience4j,https://github.com/resilience4j/resilience4j,Yes,https://central.sonatype.com/artifact/io.github.resilience4j/resilience4j-circularbuffer/2.2.0,Yes
32,io.github.resilience4j:resilience4j-commons-configuration,Yes,https://github.com/resilience4j/resilience4j,https://github.com/resilience4j/resilience4j,Yes,https://central.sonatype.com/artifact/io.github.resilience4j/resilience4j-commons-configuration/2.2.0,Yes
33,io.github.resilience4j:resilience4j-consumer,Yes,https://github.com/resilience4j/resilience4j,https://github.com/resilience4j/resilience4j,Yes,https://central.sonatype.com/artifact/io.github.resilience4j/resilience4j-consumer/2.2.0,Yes
34,io.github.resilience4j:resilience4j-core,Yes,https://github.com/resilience4j/resilience4j,https://github.com/resilience4j/resilience4j,Yes,https://central.sonatype.com/artifact/io.github.resilience4j/resilience4j-core/2.2.0,Yes
35,com.loopj.android:android-async-http,Yes,https://github.com/android-async-http/android-async-http,https://github.com/android-async-http/android-async-http,Yes,https://central.sonatype.com/artifact/com.loopj.android/android-async-http/1.4.11,Yes
36,me.leolin:ShortcutBadger,Yes,https://github.com/leolin310148/shortcutbadger,https://github.com/leolin310148/shortcutbadger,Yes,https://central.sonatype.com/artifact/me.leolin/ShortcutBadger/1.1.22,Yes
37,me.leolin:Shortcutbadger,Yes,https://github.com/leolin310148/shortcutbadger,https://github.com/leolin310148/shortcutbadger,Yes,https://central.sonatype.com/artifact/me.leolin/Shortcutbadger/1.1.20,Yes
38,me.leolin:shortcutbadger,Yes,https://github.com/leolin310148/shortcutbadger,https://github.com/leolin310148/shortcutbadger,Yes,https://central.sonatype.com/artifact/me.leolin/shortcutbadger/1.1.20,Yes
39,io.reactivex.rxjava2:rxjava,Yes,https://github.com/ReactiveX/RxJava,scm:git:git@github.com:ReactiveX/RxJava.git,Yes,https://central.sonatype.com/artifact/io.reactivex.rxjava2/rxjava/2.2.21,Yes
40,io.reactivex.rxjava3:rxjava,Yes,https://github.com/reactivex/rxjava,https://github.com/reactivex/rxjava,Yes,https://central.sonatype.com/artifact/io.reactivex.rxjava3/rxjava/3.1.8,Yes
41,io.reactivex:rxjava,Yes,https://github.com/reactivex/rxjava,https://github.com/reactivex/rxjava,Yes,https://central.sonatype.com/artifact/io.reactivex/rxjava/1.3.8,Yes
42,,,,,,,
43,com.koushikdutta.androidasync:AndroidAsync,Yes,https://github.com/koush/androidasync,https://github.com/koush/androidasync,Yes,https://central.sonatype.com/artifact/com.koushikdutta.androidasync/AndroidAsync/1.0.0,Yes
44,com.koushikdutta.async:androidasync,Yes,https://github.com/koush/androidasync,https://github.com/koush/androidasync,Yes,https://central.sonatype.com/artifact/com.koushikdutta.async/androidasync/3.1.0,Yes
45,com.koushikdutta.async:androidasync-kotlin,Yes,https://github.com/koush/androidasync,https://github.com/koush/androidasync,Yes,https://central.sonatype.com/artifact/com.koushikdutta.async/androidasync-kotlin/3.0.9,Yes
46,com.koushikdutta.async:androidasyncstetho,Yes,https://github.com/koush/androidasync,https://github.com/koush/androidasync,Yes,https://central.sonatype.com/artifact/com.koushikdutta.async/androidasyncstetho/2.0.8,Yes
47,com.github.lecho:hellocharts-library,Yes,https://github.com/lecho/hellocharts-android,https://github.com/lecho/hellocharts-android,Yes,https://central.sonatype.com/artifact/com.github.lecho/hellocharts-library/1.5.8,Yes
48,com.alippo.chatwoot:openapi-java-client,Yes,https://github.com/openapitools/openapi-generator,https://github.com/openapitools/openapi-generator,Yes,https://central.sonatype.com/artifact/com.alippo.chatwoot/openapi-java-client/1.0.4,Yes
49,com.aylien.newsapi:client,Yes,https://github.com/openapitools/openapi-generator,https://github.com/openapitools/openapi-generator,Yes,https://central.sonatype.com/artifact/com.aylien.newsapi/client/3.0.1,Yes
50,com.circle:circle,Yes,https://github.com/circlefin/circle-java-sdk,https://github.com/openapitools/openapi-generator,No,https://central.sonatype.com/artifact/com.circle/circle/0.1.0-beta.10,Yes
51,com.delphix:dct-api,N/A,Doesn't exist,Doesn't Exist,N/A,https://central.sonatype.com/artifact/com.delphix/dct-api/9.0.0-rc3,Yes
52,com.emnify.sdk:emnify-api,Yes,https://github.com/openapitools/openapi-generator,https://github.com/openapitools/openapi-generator,Yes,https://central.sonatype.com/artifact/com.emnify.sdk/emnify-api/1.0.0,Yes
53,com.finbourne:drive-sdk-preview,Yes,https://github.com/openapitools/openapi-generator,https://github.com/openapitools/openapi-generator,Yes,https://central.sonatype.com/artifact/com.finbourne/drive-sdk-preview/0.1.528,Yes
54,com.finbourne:lusid-sdk,No,https://github.com/finbourne/lusid-sdk-java,https://github.com/finbourne/lusid-sdk-java,Yes,https://central.sonatype.com/artifact/com.finbourne/lusid-sdk/2.0.507,Yes
55,com.finbourne:lusid-sdk-preview,No,https://github.com/finbourne/lusid-sdk-java,https://github.com/finbourne/lusid-sdk-java,Yes,https://central.sonatype.com/artifact/com.finbourne/lusid-sdk-preview/1.3.214,Yes
56,com.finbourne:notifications-sdk-preview,No,https://github.com/finbourne/lusid-sdk-java,https://github.com/openapitools/openapi-generator,No,https://central.sonatype.com/artifact/com.finbourne/notifications-sdk-preview/0.1.748,Yes
57,com.github.GBSEcom:first-data-gateway,Yes,https://github.com/openapitools/openapi-generator,https://github.com/openapitools/openapi-generator,Yes,https://central.sonatype.com/artifact/com.github.GBSEcom/first-data-gateway/1.15.0,Yes
58,com.sothree.slidinguppanel:library,Yes,https://github.com/umano/androidslidinguppanel,https://github.com/umano/androidslidinguppanel,Yes,https://central.sonatype.com/artifact/com.sothree.slidinguppanel/library/3.4.0,Yes
59,com.redis.testcontainers:cassandra,Yes,https://github.com/testcontainers/testcontainers-java,https://github.com/testcontainers/testcontainers-java,Yes,https://central.sonatype.com/artifact/com.redis.testcontainers/cassandra/1.15.3,Yes
60,com.redis.testcontainers:clickhouse,Yes,https://github.com/testcontainers/testcontainers-java,https://github.com/testcontainers/testcontainers-java,Yes,https://central.sonatype.com/artifact/com.redis.testcontainers/clickhouse/1.15.3,Yes
61,com.redis.testcontainers:cockroachdb,Yes,https://github.com/testcontainers/testcontainers-java/issues,https://github.com/testcontainers/testcontainers-java/issues,Yes,https://central.sonatype.com/artifact/com.redis.testcontainers/cockroachdb/1.15.3,Yes
62,com.redis.testcontainers:couchbase,Yes,https://github.com/testcontainers/testcontainers-java/issues,https://github.com/testcontainers/testcontainers-java/issues,Yes,https://central.sonatype.com/artifact/com.redis.testcontainers/couchbase/1.15.3,Yes
63,com.redis.testcontainers:database-commons,Yes,https://github.com/testcontainers/testcontainers-java/issues,https://github.com/testcontainers/testcontainers-java/issues,Yes,https://central.sonatype.com/artifact/com.redis.testcontainers/database-commons/1.15.3,Yes
64,com.redis.testcontainers:db2,Yes,https://github.com/testcontainers/testcontainers-java/issues,https://github.com/testcontainers/testcontainers-java/issues,Yes,https://central.sonatype.com/artifact/com.redis.testcontainers/db2/1.15.3,Yes
65,com.redis.testcontainers:dynalite,Yes,https://github.com/testcontainers/testcontainers-java/issues,https://github.com/testcontainers/testcontainers-java/issues,Yes,https://central.sonatype.com/artifact/com.redis.testcontainers/dynalite/1.15.3,Yes
66,com.redis.testcontainers:elasticsearch,Yes,https://github.com/testcontainers/testcontainers-java/issues,https://github.com/testcontainers/testcontainers-java/issues,Yes,https://central.sonatype.com/artifact/com.redis.testcontainers/elasticsearch/1.15.3,Yes
67,com.redis.testcontainers:gcloud,Yes,https://github.com/testcontainers/testcontainers-java/issues,https://github.com/testcontainers/testcontainers-java/issues,Yes,https://central.sonatype.com/artifact/com.redis.testcontainers/gcloud/1.15.3,Yes
68,com.redis.testcontainers:influxdb,Yes,https://github.com/testcontainers/testcontainers-java/issues,https://github.com/testcontainers/testcontainers-java/issues,Yes,https://central.sonatype.com/artifact/com.redis.testcontainers/influxdb/1.15.3,Yes
69,org.hswebframework.web:hsweb-access-logging-aop,Yes,https://github.com/hs-web/hsweb-framework,https://github.com/hs-web/hsweb-framework,Yes,https://central.sonatype.com/artifact/org.hswebframework.web/hsweb-access-logging-aop/4.0.16,Yes
70,org.hswebframework.web:hsweb-access-logging-api,Yes,https://github.com/hs-web/hsweb-framework,https://github.com/hs-web/hsweb-framework,Yes,https://central.sonatype.com/artifact/org.hswebframework.web/hsweb-access-logging-api/4.0.16,Yes
71,org.hswebframework.web:hsweb-authorization,Yes,https://github.com/hs-web/hsweb-framework,https://github.com/hs-web/hsweb-framework,Yes,https://central.sonatype.com/artifact/org.hswebframework.web/hsweb-authorization/4.0.16,Yes
72,org.hswebframework.web:hsweb-authorization-api,Yes,https://github.com/hs-web/hsweb-framework,https://github.com/hs-web/hsweb-framework,Yes,https://central.sonatype.com/artifact/org.hswebframework.web/hsweb-authorization-api/4.0.16,Yes
73,org.hswebframework.web:hsweb-authorization-basic,Yes,https://github.com/hs-web/hsweb-framework,https://github.com/hs-web/hsweb-framework,Yes,https://central.sonatype.com/artifact/org.hswebframework.web/hsweb-authorization-basic/4.0.16,Yes
74,org.hswebframework.web:hsweb-authorization-jwt,Yes,https://github.com/hs-web/hsweb-framework,https://github.com/hs-web/hsweb-framework,Yes,https://central.sonatype.com/artifact/org.hswebframework.web/hsweb-authorization-jwt/3.0.11,Yes
75,org.hswebframework.web:hsweb-authorization-oauth2,Yes,https://github.com/hs-web/hsweb-framework,https://github.com/hs-web/hsweb-framework,Yes,https://central.sonatype.com/artifact/org.hswebframework.web/hsweb-authorization-oauth2/4.0.16,Yes
76,org.hswebframework.web:hsweb-authorization-oauth2-auth-server,Yes,https://github.com/hs-web/hsweb-framework,https://github.com/hs-web/hsweb-framework,Yes,https://central.sonatype.com/artifact/org.hswebframework.web/hsweb-authorization-oauth2-auth-server/3.0.11,Yes
77,org.hswebframework.web:hsweb-authorization-oauth2-client,Yes,https://github.com/hs-web/hsweb-framework,https://github.com/hs-web/hsweb-framework,Yes,https://central.sonatype.com/artifact/org.hswebframework.web/hsweb-authorization-oauth2-client/3.0.11,Yes
78,org.hswebframework.web:hsweb-authorization-oauth2-core,Yes,https://github.com/hs-web/hsweb-framework,https://github.com/hs-web/hsweb-framework,Yes,https://central.sonatype.com/artifact/org.hswebframework.web/hsweb-authorization-oauth2-core/3.0.11,Yes
79,ai.djl.spring:djl-spring-boot-starter-autoconfigure,Yes,https://github.com/spring-projects/spring-boot,https://github.com/spring-projects/spring-boot,Yes,https://central.sonatype.com/artifact/ai.djl.spring/djl-spring-boot-starter-autoconfigure/0.26,Yes
80,ai.djl.spring:djl-spring-boot-starter-mxnet-auto,Yes,https://github.com/spring-projects/spring-boot,https://github.com/spring-projects/spring-boot,Yes,https://central.sonatype.com/artifact/ai.djl.spring/djl-spring-boot-starter-mxnet-auto/0.26,Yes
81,ai.djl.spring:djl-spring-boot-starter-mxnet-linux-x86_64,Yes,https://github.com/spring-projects/spring-boot,https://github.com/spring-projects/spring-boot,Yes,https://central.sonatype.com/artifact/ai.djl.spring/djl-spring-boot-starter-mxnet-linux-x86_64/0.26,Yes
82,ai.djl.spring:djl-spring-boot-starter-mxnet-osx-x86_64,Yes,https://github.com/spring-projects/spring-boot,https://github.com/spring-projects/spring-boot,Yes,https://central.sonatype.com/artifact/ai.djl.spring/djl-spring-boot-starter-mxnet-osx-x86_64/0.26,Yes
83,ai.djl.spring:djl-spring-boot-starter-mxnet-win-x86_64,Yes,https://github.com/spring-projects/spring-boot,https://github.com/spring-projects/spring-boot,Yes,https://central.sonatype.com/artifact/ai.djl.spring/djl-spring-boot-starter-mxnet-win-x86_64/0.2,Yes
84,ai.djl.spring:djl-spring-boot-starter-parent,Yes,https://github.com/spring-projects/spring-boot,https://github.com/spring-projects/spring-boot,Yes,https://central.sonatype.com/artifact/ai.djl.spring/djl-spring-boot-starter-parent/0.26,Yes
85,ai.djl.spring:djl-spring-boot-starter-pytorch-auto,Yes,https://github.com/spring-projects/spring-boot,https://github.com/spring-projects/spring-boot,Yes,https://central.sonatype.com/artifact/ai.djl.spring/djl-spring-boot-starter-pytorch-auto/0.26,Yes
86,ai.djl.spring:djl-spring-boot-starter-tensorflow-auto,Yes,https://github.com/spring-projects/spring-boot,https://github.com/spring-projects/spring-boot,Yes,https://central.sonatype.com/artifact/ai.djl.spring/djl-spring-boot-starter-tensorflow-auto/0.26,Yes
87,ai.ylyue:yue-library,N/A,https://gitee.com/yl-yue/yue-library,https://gitee.com/yl-yue/yue-library,Yes,https://central.sonatype.com/artifact/ai.ylyue/yue-library/2.1.0,Yes
88,ai.ylyue:yue-library-base,N/A,https://gitee.com/yl-yue/yue-library,https://gitee.com/yl-yue/yue-library,Yes,https://central.sonatype.com/artifact/ai.ylyue/yue-library-base/2.1.0,Yes
89,jp.co.bizreach:elasticsearch,Yes,https://github.com/elastic/elasticsearch,https://github.com/elastic/elasticsearch,Yes,https://central.sonatype.com/artifact/jp.co.bizreach/elasticsearch/2.3.5.1,Yes
90,jp.co.bizreach:elasticsearch-parent,Yes,https://github.com/elastic/elasticsearch,https://github.com/elastic/elasticsearch,Yes,https://central.sonatype.com/artifact/jp.co.bizreach/elasticsearch-parent/2.3.5.1,Yes
91,org.elasticsearch.client:elasticsearch-rest-client,Yes,https://github.com/elastic/elasticsearch,git@github.com:elastic/elasticsearch.git,Yes,https://central.sonatype.com/artifact/org.elasticsearch.client/elasticsearch-rest-client/8.12.2,Yes
92,org.elasticsearch.client:elasticsearch-rest-client-sniffer,Yes,https://github.com/elastic/elasticsearch,git@github.com:elastic/elasticsearch.git,Yes,https://central.sonatype.com/artifact/org.elasticsearch.client/elasticsearch-rest-client-sniffer/8.12.2,Yes
93,org.elasticsearch.client:elasticsearch-rest-high-level-client,Yes,https://github.com/elastic/elasticsearch,git@github.com:elastic/elasticsearch.git,Yes,https://central.sonatype.com/artifact/org.elasticsearch.client/elasticsearch-rest-high-level-client/8.0.0-alpha2,Yes
94,org.elasticsearch.client:rest,Yes,https://github.com/elastic/elasticsearch,git@github.com:elastic/elasticsearch.git,Yes,https://central.sonatype.com/artifact/org.elasticsearch.client/rest/6.0.0-alpha2,Yes
95,org.elasticsearch.client:sniffer,Yes,https://github.com/elastic/elasticsearch,git@github.com:elastic/elasticsearch.git,Yes,https://central.sonatype.com/artifact/org.elasticsearch.client/sniffer/6.0.0-alpha2,Yes
96,org.elasticsearch.client:transport,Yes,https://github.com/elastic/elasticsearch,git@github.com:elastic/elasticsearch.git,Yes,https://central.sonatype.com/artifact/org.elasticsearch.client/transport/7.17.18,Yes
97,org.elasticsearch.client:x-pack-transport,Yes,https://github.com/elastic/elasticsearch,git@github.com:elastic/elasticsearch.git,Yes,https://central.sonatype.com/artifact/org.elasticsearch.client/x-pack-transport/7.17.18,Yes
98,org.elasticsearch.distribution.deb:elasticsearch,Yes,https://github.com/elastic/elasticsearch,https://github.com/elastic/elasticsearch,Yes,https://central.sonatype.com/artifact/org.elasticsearch.distribution.deb/elasticsearch/5.0.0-alpha5,Yes
99,io.github.wybosys:dubbo-compiler,Yes,https://github.com/apache/dubbo,https://github.com/apache/dubbo,Yes,https://central.sonatype.com/artifact/io.github.wybosys/dubbo-compiler/0.0.1,Yes
100,org.apache.dubbo.extensions:dubbo-extensions-dependencies-bom,Yes,https://github.com/apache/dubbo,https://github.com/apache/dubbo,Yes,https://central.sonatype.com/artifact/org.apache.dubbo.extensions/dubbo-extensions-dependencies-bom/1.0.4,Yes
101,org.apache.dubbo.extensions:dubbo-mock-admin,Yes,https://github.com/apache/dubbo,https://github.com/apache/dubbo,Yes,https://central.sonatype.com/artifact/org.apache.dubbo.extensions/dubbo-mock-admin/3.0.0,Yes
102,org.apache.dubbo.extensions:dubbo-mock-api,Yes,https://github.com/apache/dubbo,https://github.com/apache/dubbo,Yes,https://central.sonatype.com/artifact/org.apache.dubbo.extensions/dubbo-mock-api/3.0.0,Yes
103,org.apache.dubbo.extensions:dubbo-mock-extensions,Yes,https://github.com/apache/dubbo,https://github.com/apache/dubbo,Yes,https://central.sonatype.com/artifact/org.apache.dubbo.extensions/dubbo-mock-extensions/3.0.0,Yes
104,org.apache.dubbo:dubbo,Yes,https://github.com/apache/dubbo,https://github.com/apache/dubbo,Yes,https://central.sonatype.com/artifact/org.apache.dubbo/dubbo/3.3.0-beta.1,Yes
105,org.apache.dubbo:dubbo-all-shaded,Yes,https://github.com/apache/dubbo,https://github.com/apache/dubbo,Yes,https://central.sonatype.com/artifact/org.apache.dubbo/dubbo-all-shaded/3.3.0-beta.1,Yes
106,org.apache.dubbo:dubbo-api-docs,Yes,https://github.com/apache/dubbo,https://github.com/apache/dubbo,Yes,https://central.sonatype.com/artifact/org.apache.dubbo/dubbo-api-docs/2.7.8.3,Yes
107,org.apache.dubbo:dubbo-api-docs-annotations,Yes,https://github.com/apache/dubbo,https://github.com/apache/dubbo,Yes,https://central.sonatype.com/artifact/org.apache.dubbo/dubbo-api-docs-annotations/2.7.8.3,Yes
108,org.apache.dubbo:dubbo-api-docs-core,Yes,https://github.com/apache/dubbo,https://github.com/apache/dubbo,Yes,https://central.sonatype.com/artifact/org.apache.dubbo/dubbo-api-docs-core/2.7.8.3,Yes
109,io.github.skylot:jadx-core,Yes,https://github.com/skylot/jadx,https://github.com/skylot/jadx,Yes,https://central.sonatype.com/artifact/io.github.skylot/jadx-core/1.4.7,Yes
110,io.github.skylot:jadx-dex-input,Yes,https://github.com/skylot/jadx,https://github.com/skylot/jadx,Yes,https://central.sonatype.com/artifact/io.github.skylot/jadx-dex-input/1.4.7,Yes
111,io.github.skylot:jadx-java-convert,Yes,https://github.com/skylot/jadx,https://github.com/skylot/jadx,Yes,https://central.sonatype.com/artifact/io.github.skylot/jadx-java-convert/1.4.7,Yes
112,io.github.skylot:jadx-java-input,Yes,https://github.com/skylot/jadx,https://github.com/skylot/jadx,Yes,https://central.sonatype.com/artifact/io.github.skylot/jadx-java-input/1.4.7,Yes
113,io.github.skylot:jadx-plugins-api,Yes,https://github.com/skylot/jadx,https://github.com/skylot/jadx,Yes,https://central.sonatype.com/artifact/io.github.skylot/jadx-plugins-api/1.4.7,Yes
114,io.github.skylot:jadx-raung-input,Yes,https://github.com/skylot/jadx,https://github.com/skylot/jadx,Yes,https://central.sonatype.com/artifact/io.github.skylot/jadx-raung-input/1.4.7,Yes
115,io.github.skylot:jadx-smali-input,Yes,https://github.com/skylot/jadx,https://github.com/skylot/jadx,Yes,https://central.sonatype.com/artifact/io.github.skylot/jadx-smali-input/1.4.7,Yes
116,com.airbnb.android:lottie,Yes,https://github.com/airbnb/lottie-android,https://github.com/airbnb/lottie-android,Yes,https://central.sonatype.com/artifact/com.airbnb.android/lottie/6.4.0,Yes
117,com.airbnb.android:lottie-compose,Yes,https://github.com/airbnb/lottie-android,N/A,No,https://central.sonatype.com/artifact/com.airbnb.android/lottie-compose/6.4.0,Yes
118,com.taobao.arthas:arthas-agent,Yes,https://github.com/alibaba/arthas,https://github.com/alibaba/arthas,Yes,https://central.sonatype.com/artifact/com.taobao.arthas/arthas-agent/3.7.2,Yes
119,com.taobao.arthas:arthas-agent-attach,Yes,https://github.com/alibaba/arthas,https://github.com/alibaba/arthas,Yes,https://central.sonatype.com/artifact/com.taobao.arthas/arthas-agent-attach/3.7.2,Yes
120,com.taobao.arthas:arthas-all,Yes,https://github.com/alibaba/arthas,https://github.com/alibaba/arthas,Yes,https://central.sonatype.com/artifact/com.taobao.arthas/arthas-all/3.7.2,Yes
121,com.taobao.arthas:arthas-boot,Yes,https://github.com/alibaba/arthas,https://github.com/alibaba/arthas,Yes,https://central.sonatype.com/artifact/com.taobao.arthas/arthas-boot/3.7.2,Yes
122,com.taobao.arthas:arthas-bytekit,Yes,https://github.com/alibaba/arthas,https://github.com/alibaba/arthas,Yes,https://central.sonatype.com/artifact/com.taobao.arthas/arthas-bytekit/3.4.3,Yes
123,com.taobao.arthas:arthas-client,Yes,https://github.com/alibaba/arthas,https://github.com/alibaba/arthas,Yes,https://central.sonatype.com/artifact/com.taobao.arthas/arthas-client/3.7.2,Yes
124,com.taobao.arthas:arthas-common,Yes,https://github.com/alibaba/arthas,https://github.com/alibaba/arthas,Yes,https://central.sonatype.com/artifact/com.taobao.arthas/arthas-common/3.7.2,Yes
125,com.taobao.arthas:arthas-core,Yes,https://github.com/alibaba/arthas,https://github.com/alibaba/arthas,Yes,https://central.sonatype.com/artifact/com.taobao.arthas/arthas-core/3.7.2,Yes
126,com.taobao.arthas:arthas-demo,Yes,https://github.com/alibaba/arthas,https://github.com/alibaba/arthas,Yes,https://central.sonatype.com/artifact/com.taobao.arthas/arthas-demo/3.5.0,Yes
127,com.taobao.arthas:arthas-memorycompiler,Yes,https://github.com/alibaba/arthas,https://github.com/alibaba/arthas,Yes,https://central.sonatype.com/artifact/com.taobao.arthas/arthas-memorycompiler/3.7.2,Yes
128,com.blankj:utilcode,Yes,https://github.com/blankj/androidutilcode,https://github.com/blankj/androidutilcode,Yes,https://central.sonatype.com/artifact/com.blankj/utilcode/1.30.7,Yes
129,com.blankj:utilcodex,Yes,https://github.com/blankj/androidutilcode,https://github.com/blankj/androidutilcode,Yes,https://central.sonatype.com/artifact/com.blankj/utilcodex/1.31.1,Yes
130,com.luhuiguo.netty:netty-handler,Yes,https://github.com/netty/netty,https://github.com/netty/netty,Yes,https://central.sonatype.com/artifact/com.luhuiguo.netty/netty-handler/4.1.63.GM,Yes
131,io.netty:netty,Yes,https://github.com/netty/netty,https://github.com/netty/netty,Yes,https://central.sonatype.com/artifact/io.netty/netty/4.0.0.Alpha8,Yes
132,io.netty:netty-all,Yes,https://github.com/netty/netty,https://github.com/netty/netty,Yes,https://central.sonatype.com/artifact/io.netty/netty-all/5.0.0.Alpha2,Yes
133,io.netty:netty-bom,Yes,https://github.com/netty/netty,https://github.com/netty/netty,Yes,https://central.sonatype.com/artifact/io.netty/netty-bom/4.1.107.Final,Yes
134,io.netty:netty-buffer,Yes,https://github.com/netty/netty,https://github.com/netty/netty,Yes,https://central.sonatype.com/artifact/io.netty/netty-buffer/5.0.0.Alpha2,Yes
135,io.netty:netty-codec,Yes,https://github.com/netty/netty,https://github.com/netty/netty,Yes,https://central.sonatype.com/artifact/io.netty/netty-codec/5.0.0.Alpha2,Yes
136,io.netty:netty-codec-dns,Yes,https://github.com/netty/netty,https://github.com/netty/netty,Yes,https://central.sonatype.com/artifact/io.netty/netty-codec-dns/5.0.0.Alpha2,Yes
137,io.netty:netty-codec-haproxy,Yes,https://github.com/netty/netty,https://github.com/netty/netty,Yes,https://central.sonatype.com/artifact/io.netty/netty-codec-haproxy/5.0.0.Alpha2,Yes
138,io.netty:netty-codec-http,Yes,https://github.com/netty/netty,https://github.com/netty/netty,Yes,https://central.sonatype.com/artifact/io.netty/netty-codec-http/5.0.0.Alpha2,Yes
139,io.netty:netty-codec-http2,Yes,https://github.com/netty/netty,https://github.com/netty/netty,Yes,https://central.sonatype.com/artifact/io.netty/netty-codec-http2/5.0.0.Alpha2,Yes
140,com.alibaba:easyexcel,Yes,https://github.com/alibaba/easyexcel,https://github.com/alibaba/easyexcel,Yes,https://central.sonatype.com/artifact/com.alibaba/easyexcel/3.3.3,Yes
141,com.alibaba:easyexcel-core,Yes,https://github.com/alibaba/easyexcel,https://github.com/alibaba/easyexcel,Yes,https://central.sonatype.com/artifact/com.alibaba/easyexcel-core/3.3.3,Yes
142,com.alibaba:easyexcel-parent,Yes,https://github.com/alibaba/easyexcel,https://github.com/alibaba/easyexcel,Yes,https://central.sonatype.com/artifact/com.alibaba/easyexcel-parent/3.3.3,Yes
143,com.alibaba:easyexcel-support,Yes,https://github.com/alibaba/easyexcel,https://github.com/alibaba/easyexcel,Yes,https://central.sonatype.com/artifact/com.alibaba/easyexcel-support/3.3.3,Yes
144,com.alibaba:easyexcel-test,Yes,https://github.com/alibaba/easyexcel,https://github.com/alibaba/easyexcel,Yes,https://central.sonatype.com/artifact/com.alibaba/easyexcel-test/3.3.3,Yes
145,org.seleniumhq.selenium:grid,Yes,https://github.com/seleniumhq/selenium,https://github.com/seleniumhq/selenium,Yes,https://central.sonatype.com/artifact/org.seleniumhq.selenium/grid/4.0.0-alpha-2,Yes
146,org.seleniumhq.selenium:jetty-repacked,Yes,https://github.com/seleniumhq/selenium,https://github.com/seleniumhq/selenium,Yes,https://central.sonatype.com/artifact/org.seleniumhq.selenium/jetty-repacked/9.4.12.v20180830.1,Yes
147,org.seleniumhq.selenium:jetty-security-repacked,Yes,https://github.com/seleniumhq/selenium,https://github.com/seleniumhq/selenium,Yes,https://central.sonatype.com/artifact/org.seleniumhq.selenium/jetty-security-repacked/9.2.13.v20150730,Yes
148,org.seleniumhq.selenium:jetty-servlet-repacked,Yes,https://github.com/seleniumhq/selenium,https://github.com/seleniumhq/selenium,Yes,https://central.sonatype.com/artifact/org.seleniumhq.selenium/jetty-servlet-repacked/9.2.13.v20150730,Yes
149,org.seleniumhq.selenium:jetty-servlets-repacked,Yes,https://github.com/seleniumhq/selenium,https://github.com/seleniumhq/selenium,Yes,https://central.sonatype.com/artifact/org.seleniumhq.selenium/jetty-servlets-repacked/9.2.13.v20150730,Yes
150,org.seleniumhq.selenium:jetty-util-repacked,Yes,https://github.com/seleniumhq/selenium,https://github.com/seleniumhq/selenium,Yes,https://central.sonatype.com/artifact/org.seleniumhq.selenium/jetty-util-repacked/9.2.13.v20150730,Yes
151,org.seleniumhq.selenium:lift,Yes,https://github.com/seleniumhq/selenium,https://github.com/seleniumhq/selenium,Yes,https://central.sonatype.com/artifact/org.seleniumhq.selenium/lift/4.14.0,Yes
152,org.seleniumhq.selenium:selenium-api,Yes,https://github.com/seleniumhq/selenium,https://github.com/seleniumhq/selenium,Yes,https://central.sonatype.com/artifact/org.seleniumhq.selenium/selenium-api/4.18.1,Yes
153,org.seleniumhq.selenium:selenium-bom,Yes,https://github.com/seleniumhq/selenium,https://github.com/seleniumhq/selenium,Yes,https://central.sonatype.com/artifact/org.seleniumhq.selenium/selenium-bom/4.18.1,Yes
154,org.seleniumhq.selenium:selenium-chrome-driver,Yes,https://github.com/seleniumhq/selenium,https://github.com/seleniumhq/selenium,Yes,https://central.sonatype.com/artifact/org.seleniumhq.selenium/selenium-chrome-driver/4.18.1,Yes
155,com.alibaba:druid,Yes,https://github.com/alibaba/druid,https://github.com/alibaba/druid,Yes,https://central.sonatype.com/artifact/com.alibaba/druid/1.2.21,Yes
156,com.alibaba:druid-parent,Yes,https://github.com/alibaba/druid,https://github.com/alibaba/druid,Yes,https://central.sonatype.com/artifact/com.alibaba/druid-parent/1.2.21,Yes
157,com.alibaba:druid-spring-boot-3-starter,Yes,https://github.com/alibaba/druid,https://github.com/alibaba/druid,Yes,https://central.sonatype.com/artifact/com.alibaba/druid-spring-boot-3-starter/1.2.21,Yes
158,com.alibaba:druid-spring-boot-starter,Yes,https://github.com/alibaba/druid,https://github.com/alibaba/druid,Yes,https://central.sonatype.com/artifact/com.alibaba/druid-spring-boot-starter/1.2.21,Yes
159,com.alibaba:druid-wrapper,Yes,https://github.com/alibaba/druid,https://github.com/alibaba/druid,Yes,https://central.sonatype.com/artifact/com.alibaba/druid-wrapper/1.2.21,Yes
160,com.github.AnonymousMister:druid-spring-boot-starter,Yes,N/A,https://github.com/alibaba/druid,No,https://central.sonatype.com/artifact/com.github.AnonymousMister/druid-spring-boot-starter/1.1.18_dynamic,Yes
161,com.pig4cloud:druid,Yes,N/A,https://github.com/alibaba/druid,No,https://central.sonatype.com/artifact/com.pig4cloud/druid/0.1.21,Yes
162,com.pig4cloud:druid-spring-boot-starter,Yes,N/A,https://github.com/alibaba/druid,No,https://central.sonatype.com/artifact/com.pig4cloud/druid-spring-boot-starter/0.1.21,Yes
163,io.github.newland-sri:druid,Yes,N/A,https://github.com/alibaba/druid,No,https://central.sonatype.com/artifact/io.github.newland-sri/druid/1.1.21_nl_0.1,Yes
164,org.azolla.com.alibaba:druid,Yes,N/A,https://github.com/alibaba/druid,No,https://central.sonatype.com/artifact/org.azolla.com.alibaba/druid/1.2.7_preview_05_Azolla02,Yes
165,com.githup.liuyanggithup:xxl-job-admin,Yes,N/A,https://github.com/xuxueli/xxl-job,No,https://central.sonatype.com/artifact/com.githup.liuyanggithup/xxl-job-admin/1.2.1,Yes
166,com.githup.liuyanggithup:xxl-job-core,Yes,N/A,https://github.com/xuxueli/xxl-job,No,https://central.sonatype.com/artifact/com.githup.liuyanggithup/xxl-job-core/1.2.1,Yes
167,com.githup.liuyanggithup:xxl-job-executor-sample-frameless,Yes,N/A,https://github.com/xuxueli/xxl-job,No,https://central.sonatype.com/artifact/com.githup.liuyanggithup/xxl-job-executor-sample-frameless/1.2.1,Yes
168,com.githup.liuyanggithup:xxl-job-executor-sample-jfinal,Yes,N/A,https://github.com/xuxueli/xxl-job,No,https://central.sonatype.com/artifact/com.githup.liuyanggithup/xxl-job-executor-sample-jfinal/1.2.1,Yes
169,com.githup.liuyanggithup:xxl-job-executor-sample-nutz,Yes,N/A,https://github.com/xuxueli/xxl-job,No,https://central.sonatype.com/artifact/com.githup.liuyanggithup/xxl-job-executor-sample-nutz/1.2.1,Yes
170,com.githup.liuyanggithup:xxl-job-executor-sample-spring,Yes,N/A,https://github.com/xuxueli/xxl-job,No,https://central.sonatype.com/artifact/com.githup.liuyanggithup/xxl-job-executor-sample-spring/1.2.1,Yes
171,com.githup.liuyanggithup:xxl-job-executor-sample-springboot,Yes,N/A,https://github.com/xuxueli/xxl-job,No,https://central.sonatype.com/artifact/com.githup.liuyanggithup/xxl-job-executor-sample-springboot/1.2.1,Yes
172,com.githup.liuyanggithup:xxl-job-executor-samples,Yes,N/A,https://github.com/xuxueli/xxl-job,No,https://central.sonatype.com/artifact/com.githup.liuyanggithup/xxl-job-executor-samples/1.2.1,Yes
173,com.githup.liuyanggithup:xxl-job-plus,Yes,N/A,https://github.com/xuxueli/xxl-job,No,https://central.sonatype.com/artifact/com.githup.liuyanggithup/xxl-job-plus/1.2.1,Yes
174,com.xuxueli:xxl-job,Yes,https://github.com/xuxueli/xxl-job,https://github.com/xuxueli/xxl-job,Yes,https://central.sonatype.com/artifact/com.xuxueli/xxl-job/2.4.0,Yes
175,com.ctrip.framework.apollo:apollo,Yes,https://github.com/apolloconfig/apollo,https://github.com/apolloconfig/apollo,Yes,https://central.sonatype.com/artifact/com.ctrip.framework.apollo/apollo/2.0.1,Yes
176,com.ctrip.framework.apollo:apollo-client,Yes,https://github.com/apolloconfig/apollo-java,https://github.com/apolloconfig/apollo-java,Yes,https://central.sonatype.com/artifact/com.ctrip.framework.apollo/apollo-client/2.2.0,Yes
177,com.ctrip.framework.apollo:apollo-client-config-data,Yes,https://github.com/apolloconfig/apollo-java,https://github.com/apolloconfig/apollo-java,Yes,https://central.sonatype.com/artifact/com.ctrip.framework.apollo/apollo-client-config-data/2.2.0,Yes
178,com.ctrip.framework.apollo:apollo-core,Yes,https://github.com/apolloconfig/apollo-java,https://github.com/apolloconfig/apollo-java,Yes,https://central.sonatype.com/artifact/com.ctrip.framework.apollo/apollo-core/2.2.0,Yes
179,com.ctrip.framework.apollo:apollo-mockserver,Yes,https://github.com/apolloconfig/apollo-java,https://github.com/apolloconfig/apollo-java,Yes,https://central.sonatype.com/artifact/com.ctrip.framework.apollo/apollo-mockserver/2.2.0,Yes
180,com.ctrip.framework.apollo:apollo-openapi,Yes,https://github.com/apolloconfig/apollo-java,https://github.com/apolloconfig/apollo-java,Yes,https://central.sonatype.com/artifact/com.ctrip.framework.apollo/apollo-openapi/2.2.0,Yes
181,com.alibaba:fastjson,Yes,https://github.com/alibaba/fastjson,https://github.com/alibaba/fastjson2,No,https://central.sonatype.com/artifact/com.alibaba/fastjson/2.0.47,Yes
182,com.taobao.arthas:fastjson,N/A,N/A,https://github.com/alibaba/fastjson,No,https://central.sonatype.com/artifact/com.taobao.arthas/fastjson/1.2.80-fix,Yes
183,com.aallam.permissionsflow:permissionsflow,Yes,https://github.com/Aallam/PermissionsFlow/,https://github.com/Aallam/PermissionsFlow/,Yes,https://central.sonatype.com/artifact/com.aallam.permissionsflow/permissionsflow/1.0.1,Yes
184,com.forceai:butterknife,N/A,N/A,https://github.com/JakeWharton/butterknife/,No,https://central.sonatype.com/artifact/com.forceai/butterknife/10.2.3.6,Yes
185,com.forceai:butterknife-annotations,N/A,N/A,https://github.com/JakeWharton/butterknife/,No,https://central.sonatype.com/artifact/com.forceai/butterknife-annotations/10.2.3.6,Yes
186,com.forceai:butterknife-compiler,N/A,N/A,https://github.com/JakeWharton/butterknife/,No,https://central.sonatype.com/artifact/com.forceai/butterknife-compiler/10.2.3.6,Yes
187,com.forceai:butterknife-gradle-plugin,N/A,N/A,https://github.com/JakeWharton/butterknife/,No,https://central.sonatype.com/artifact/com.forceai/butterknife-gradle-plugin/10.2.3.6,Yes
188,com.forceai:butterknife-reflect,N/A,N/A,https://github.com/JakeWharton/butterknife/,No,https://central.sonatype.com/artifact/com.forceai/butterknife-reflect/10.2.3.6,Yes
189,com.forceai:butterknife-runtime,N/A,N/A,https://github.com/JakeWharton/butterknife/,No,https://central.sonatype.com/artifact/com.forceai/butterknife-runtime/10.2.3.6,Yes
190,com.github.stephanenicolas:butterknife,N/A,N/A,https://github.com/JakeWharton/butterknife/,No,https://central.sonatype.com/artifact/com.github.stephanenicolas/butterknife/10.0.0.6,Yes
191,com.github.stephanenicolas:butterknife-annotations,N/A,N/A,https://github.com/JakeWharton/butterknife/,No,https://central.sonatype.com/artifact/com.github.stephanenicolas/butterknife-annotations/10.0.0.6,Yes
192,com.github.stephanenicolas:butterknife-compiler,N/A,N/A,https://github.com/JakeWharton/butterknife/,No,https://central.sonatype.com/artifact/com.github.stephanenicolas/butterknife-compiler/10.0.0.6,Yes
193,io.github.scwang90:refresh-drawable-paint,N/A,https://github.com/scwang90/smart-refresh-layout,https://github.com/scwang90/smart-refresh-layout,Yes,https://central.sonatype.com/artifact/io.github.scwang90/refresh-drawable-paint/2.1.0,Yes
194,io.github.scwang90:refresh-drawable-path,N/A,https://github.com/scwang90/smart-refresh-layout,https://github.com/scwang90/smart-refresh-layout,Yes,https://central.sonatype.com/artifact/io.github.scwang90/refresh-drawable-path/2.1.0,Yes
195,io.github.scwang90:refresh-footer-ball,N/A,https://github.com/scwang90/smart-refresh-layout,https://github.com/scwang90/smart-refresh-layout,Yes,https://central.sonatype.com/artifact/io.github.scwang90/refresh-footer-ball/2.1.0,Yes
196,io.github.scwang90:refresh-footer-classics,N/A,https://github.com/scwang90/smart-refresh-layout,https://github.com/scwang90/smart-refresh-layout,Yes,https://central.sonatype.com/artifact/io.github.scwang90/refresh-footer-classics/2.1.0,Yes
197,io.github.scwang90:refresh-header-classics,N/A,https://github.com/scwang90/smart-refresh-layout,https://github.com/scwang90/smart-refresh-layout,Yes,https://central.sonatype.com/artifact/io.github.scwang90/refresh-header-classics/2.1.0,Yes
198,io.github.scwang90:refresh-header-falsify,N/A,https://github.com/scwang90/smart-refresh-layout,https://github.com/scwang90/smart-refresh-layout,Yes,https://central.sonatype.com/artifact/io.github.scwang90/refresh-header-falsify/2.1.0,Yes
199,io.github.scwang90:refresh-header-material,N/A,https://github.com/scwang90/smart-refresh-layout,https://github.com/scwang90/smart-refresh-layout,Yes,https://central.sonatype.com/artifact/io.github.scwang90/refresh-header-material/2.1.0,Yes
200,io.github.scwang90:refresh-header-radar,N/A,https://github.com/scwang90/smart-refresh-layout,https://github.com/scwang90/smart-refresh-layout,Yes,https://central.sonatype.com/artifact/io.github.scwang90/refresh-header-radar/2.1.0,Yes
201,io.github.scwang90:refresh-header-two-level,N/A,https://github.com/scwang90/smart-refresh-layout,https://github.com/scwang90/smart-refresh-layout,Yes,https://central.sonatype.com/artifact/io.github.scwang90/refresh-header-two-level/2.1.0,Yes
202,io.github.scwang90:refresh-layout-kernel,N/A,https://github.com/scwang90/smart-refresh-layout,https://github.com/scwang90/smart-refresh-layout,Yes,https://central.sonatype.com/artifact/io.github.scwang90/refresh-layout-kernel/2.1.0,Yes
203,de.greenrobot:eventbus,Yes,https://github.com/greenrobot/eventbus,https://github.com/greenrobot/eventbus,Yes,https://central.sonatype.com/artifact/de.greenrobot/eventbus/3.0.0-beta1,Yes
204,de.greenrobot:eventbus-annotation-processor,Yes,https://github.com/greenrobot/EventBus,https://github.com/greenrobot/EventBus,Yes,https://central.sonatype.com/artifact/de.greenrobot/eventbus-annotation-processor/3.0.0-beta1,Yes
205,org.greenrobot:eventbus,Yes,https://github.com/greenrobot/eventbus,https://github.com/greenrobot/eventbus,Yes,https://central.sonatype.com/artifact/org.greenrobot/eventbus/3.3.1,Yes
206,org.greenrobot:eventbus-annotation-processor,Yes,https://github.com/greenrobot/eventbus,https://github.com/greenrobot/eventbus,Yes,https://central.sonatype.com/artifact/org.greenrobot/eventbus-annotation-processor/3.3.1,Yes
207,org.greenrobot:eventbus-java,Yes,https://github.com/greenrobot/eventbus,https://github.com/greenrobot/eventbus,Yes,https://central.sonatype.com/artifact/org.greenrobot/eventbus-java/3.3.1,Yes
208,org.apache.skywalking:agent-analyzer,Yes,https://github.com/apache/skywalking,https://github.com/apache/skywalking,Yes,https://central.sonatype.com/artifact/org.apache.skywalking/agent-analyzer/9.7.0,Yes
209,org.apache.skywalking:ai-pipeline,Yes,https://github.com/apache/skywalking,https://github.com/apache/skywalking,Yes,https://central.sonatype.com/artifact/org.apache.skywalking/ai-pipeline/9.7.0,Yes
210,org.apache.skywalking:analyzer,Yes,https://github.com/apache/skywalking,https://github.com/apache/skywalking,Yes,https://central.sonatype.com/artifact/org.apache.skywalking/analyzer/9.7.0,Yes
211,org.apache.skywalking:apache-skywalking-apm,Yes,https://github.com/apache/skywalking,https://github.com/apache/skywalking,Yes,https://central.sonatype.com/artifact/org.apache.skywalking/apache-skywalking-apm/9.7.0,Yes
212,org.apache.skywalking:apache-skywalking-apm-es7,Yes,https://github.com/apache/skywalking,https://github.com/apache/skywalking,Yes,https://central.sonatype.com/artifact/org.apache.skywalking/apache-skywalking-apm-es7/8.7.0,Yes
213,org.apache.skywalking:apm,Yes,https://github.com/apache/skywalking,https://github.com/apache/skywalking,Yes,https://central.sonatype.com/artifact/org.apache.skywalking/apm/9.7.0,Yes
214,org.apache.skywalking:apm-activemq-5.x-plugin,Yes,https://github.com/apache/skywalking-java,https://github.com/apache/skywalking-java,Yes,https://central.sonatype.com/artifact/org.apache.skywalking/apm-activemq-5.x-plugin/9.1.0,Yes
215,org.apache.skywalking:apm-aerospike-plugin,Yes,https://github.com/apache/skywalking-java,https://github.com/apache/skywalking-java,Yes,https://central.sonatype.com/artifact/org.apache.skywalking/apm-aerospike-plugin/9.1.0,Yes
216,org.apache.skywalking:apm-agent,Yes,https://github.com/apache/skywalking-java,https://github.com/apache/skywalking-java,Yes,https://central.sonatype.com/artifact/org.apache.skywalking/apm-agent/9.1.0,Yes
217,org.apache.skywalking:apm-agent-core,Yes,https://github.com/apache/skywalking-java,https://github.com/apache/skywalking-java,Yes,https://central.sonatype.com/artifact/org.apache.skywalking/apm-agent-core/9.1.0,Yes
218,com.badlogicgames.gdx:gdx-backend-robovm-metalangle,Yes,https://github.com/libgdx/libgdx,https://github.com/libgdx/libgdx,Yes,https://central.sonatype.com/artifact/com.badlogicgames.gdx/gdx-backend-robovm-metalangle/1.12.1,Yes
219,com.badlogicgames.gdx:gdx-backend-robovm-metalangle-platform,Yes,https://github.com/libgdx/libgdx,https://github.com/libgdx/libgdx,Yes,https://central.sonatype.com/artifact/com.badlogicgames.gdx/gdx-backend-robovm-metalangle-platform/1.12.1,Yes
220,com.badlogicgames.gdx:gdx-box2d,Yes,https://github.com/libgdx/libgdx,https://github.com/libgdx/libgdx,Yes,https://central.sonatype.com/artifact/com.badlogicgames.gdx/gdx-box2d/1.12.1,Yes
221,com.badlogicgames.gdx:gdx-box2d-gwt,Yes,https://github.com/libgdx/libgdx,https://github.com/libgdx/libgdx,Yes,https://central.sonatype.com/artifact/com.badlogicgames.gdx/gdx-box2d-gwt/1.12.1,Yes
222,com.badlogicgames.gdx:gdx-box2d-parent,Yes,https://github.com/libgdx/libgdx,https://github.com/libgdx/libgdx,Yes,https://central.sonatype.com/artifact/com.badlogicgames.gdx/gdx-box2d-parent/1.12.1,Yes
223,com.badlogicgames.gdx:gdx-box2d-platform,Yes,https://github.com/libgdx/libgdx,https://github.com/libgdx/libgdx,Yes,https://central.sonatype.com/artifact/com.badlogicgames.gdx/gdx-box2d-platform/1.12.1,Yes
224,com.badlogicgames.gdx:gdx-bullet,Yes,https://github.com/libgdx/libgdx,https://github.com/libgdx/libgdx,Yes,https://central.sonatype.com/artifact/com.badlogicgames.gdx/gdx-bullet/1.12.1,Yes
225,com.badlogicgames.gdx:gdx-bullet-platform,Yes,https://github.com/libgdx/libgdx,https://github.com/libgdx/libgdx,Yes,https://central.sonatype.com/artifact/com.badlogicgames.gdx/gdx-bullet-platform/1.12.1,Yes
226,com.badlogicgames.gdx:gdx-controllers,Yes,https://github.com/libgdx/libgdx,https://github.com/libgdx/libgdx,Yes,https://central.sonatype.com/artifact/com.badlogicgames.gdx/gdx-controllers/1.9.13,Yes
227,com.badlogicgames.gdx:gdx-controllers-android,Yes,https://github.com/libgdx/libgdx,https://github.com/libgdx/libgdx,Yes,https://central.sonatype.com/artifact/com.badlogicgames.gdx/gdx-controllers-android/1.9.13,Yes
228,org.jenkins-ci.main:cli,Yes,https://github.com/jenkinsci/jenkins,https://github.com/jenkinsci/jenkins,Yes,https://repo.jenkins-ci.org/ui/repos/tree/General/releases/org/jenkins-ci/main/cli/2.450/cli-2.450.pom,No
229,org.jenkins-ci.main:jenkins-bom,N/A,https://github.com/jenkinsci/jenkins,N/A,No,https://repo.jenkins-ci.org/ui/repos/tree/General/releases/org/jenkins-ci/main/jenkins-bom/2.450/jenkins-bom-2.450.pom,No
230,org.jenkins-ci.main:jenkins-core,Yes,https://github.com/jenkinsci/jenkins,https://github.com/jenkinsci/jenkins,Yes,https://repo.jenkins-ci.org/ui/repos/tree/General/releases/org/jenkins-ci/main/jenkins-core/2.450/jenkins-core-2.450.pom,No
231,org.jenkins-ci.main:jenkins-parent,Yes,https://github.com/jenkinsci/jenkins,https://github.com/jenkinsci/jenkins,Yes,https://repo.jenkins-ci.org/ui/repos/tree/General/releases/org/jenkins-ci/main/jenkins-parent/2.450/jenkins-parent-2.450.pom,No
232,org.jenkins-ci.main:jenkins-test-harness,Yes,https://github.com/jenkinsci/jenkins-test-harness,https://github.com/jenkinsci/jenkins-test-harness,Yes,https://repo.jenkins-ci.org/ui/repos/tree/General/releases/org/jenkins-ci/main/jenkins-test-harness/2174.v111a_b_471784f/jenkins-test-harness-2174.v111a_b_471784f.pom,No
233,org.jenkins-ci.main:jenkins-war,Yes,https://github.com/jenkinsci/jenkins,https://github.com/jenkinsci/jenkins,Yes,https://repo.jenkins-ci.org/ui/repos/tree/General/releases/org/jenkins-ci/main/jenkins-war/2.450/jenkins-war-2.450.pom,No
234,org.jenkins-ci.main:maven-agent,Yes,https://github.com/jenkinsci/jenkins,https://github.com/jenkinsci/jenkins,Yes,https://repo.jenkins-ci.org/ui/repos/tree/General/releases/org/jenkins-ci/main/maven-agent/1.403/maven-agent-1.403.pom,No
235,org.jenkins-ci.main:maven-interceptor,Yes,https://github.com/jenkinsci/jenkins,https://github.com/jenkinsci/jenkins,Yes,https://repo.jenkins-ci.org/ui/repos/tree/General/releases/org/jenkins-ci/main/maven-interceptor/1.403/maven-interceptor-1.403.pom,No
236,org.jenkins-ci.main:maven-plugin,Yes,https://github.com/jenkinsci/maven-plugin,https://github.com/jenkinsci/maven-plugin,Yes,https://repo.jenkins-ci.org/ui/repos/tree/General/releases/org/jenkins-ci/main/maven-plugin/3.23/maven-plugin-3.23.pom,No
237,org.jenkins-ci.main:maven3-agent,Yes,https://github.com/jenkinsci/jenkins,https://github.com/jenkinsci/jenkins,Yes,https://repo.jenkins-ci.org/ui/repos/tree/General/releases/org/jenkins-ci/main/maven3-agent/1.403/maven3-agent-1.403.pom,No
238,com.google.android.exoplayer:exoplayer,Yes,https://github.com/google/exoplayer,https://github.com/google/exoplayer,Yes,https://maven.google.com/web/index.html#com.google.android.exoplayer:exoplayer:2.19.1,No
239,com.google.android.exoplayer:exoplayer-common,Yes,https://github.com/google/exoplayer,https://github.com/google/exoplayer,Yes,https://maven.google.com/web/index.html#com.google.android.exoplayer:exoplayer-common:2.19.1,No
240,com.google.android.exoplayer:exoplayer-container,Yes,https://github.com/google/exoplayer,https://github.com/google/exoplayer,Yes,https://maven.google.com/web/index.html#com.google.android.exoplayer:exoplayer-container:2.19.1,No
241,com.google.android.exoplayer:exoplayer-core,Yes,https://github.com/google/exoplayer,https://github.com/google/exoplayer,Yes,https://maven.google.com/web/index.html#com.google.android.exoplayer:exoplayer-core:2.19.1,No
242,com.google.android.exoplayer:exoplayer-dash,Yes,https://github.com/google/exoplayer,https://github.com/google/exoplayer,Yes,https://maven.google.com/web/index.html#com.google.android.exoplayer:exoplayer-dash:2.19.1,No
243,com.google.android.exoplayer:exoplayer-database,Yes,https://github.com/google/exoplayer,https://github.com/google/exoplayer,Yes,https://maven.google.com/web/index.html#com.google.android.exoplayer:exoplayer-database:2.19.1,No
244,com.google.android.exoplayer:exoplayer-datasource,Yes,https://github.com/google/exoplayer,https://github.com/google/exoplayer,Yes,https://maven.google.com/web/index.html#com.google.android.exoplayer:exoplayer-datasource:2.19.1,No
245,com.google.android.exoplayer:exoplayer-decoder,Yes,https://github.com/google/exoplayer,https://github.com/google/exoplayer,Yes,https://maven.google.com/web/index.html#com.google.android.exoplayer:exoplayer-decoder:2.19.1,No
246,com.google.android.exoplayer:exoplayer-effect,Yes,https://github.com/google/exoplayer,https://github.com/google/exoplayer,Yes,https://maven.google.com/web/index.html#com.google.android.exoplayer:exoplayer-effect:2.19.1,No
247,com.google.android.exoplayer:exoplayer-extractor,Yes,https://github.com/google/exoplayer,https://github.com/google/exoplayer,Yes,https://maven.google.com/web/index.html#com.google.android.exoplayer:exoplayer-extractor:2.19.1,No
248,io.reactivex.rxjava2:rxandroid,Yes,https://github.com/ReactiveX/RxAndroid,https://github.com/ReactiveX/RxAndroid,Yes,https://central.sonatype.com/artifact/io.reactivex.rxjava2/rxandroid/2.1.1,Yes
249,io.reactivex.rxjava3:rxandroid,Yes,https://github.com/ReactiveX/RxAndroid,https://github.com/ReactiveX/RxAndroid,Yes,https://central.sonatype.com/artifact/io.reactivex.rxjava3/rxandroid/3.0.2,Yes
250,io.reactivex:rxandroid,Yes,https://github.com/ReactiveX/RxAndroid,https://github.com/ReactiveX/RxAndroid,Yes,https://central.sonatype.com/artifact/io.reactivex/rxandroid/1.2.1,Yes
251,com.oracle.substratevm:graal-hotspot-library,Yes,https://github.com/oracle/graal,https://github.com/oracle/graal,Yes,https://central.sonatype.com/artifact/com.oracle.substratevm/graal-hotspot-library/19.2.1,Yes
252,com.oracle.substratevm:library-support,Yes,https://github.com/oracle/graal,https://github.com/oracle/graal,Yes,https://central.sonatype.com/artifact/com.oracle.substratevm/library-support/19.2.1,Yes
253,com.oracle.substratevm:native-image-maven-plugin,Yes,https://github.com/oracle/graal,https://github.com/oracle/graal,Yes,https://central.sonatype.com/artifact/com.oracle.substratevm/native-image-maven-plugin/19.2.1,Yes
254,com.oracle.substratevm:objectfile,Yes,https://github.com/oracle/graal,https://github.com/oracle/graal,Yes,https://central.sonatype.com/artifact/com.oracle.substratevm/objectfile/19.2.1,Yes
255,com.oracle.substratevm:pointsto,Yes,https://github.com/oracle/graal,https://github.com/oracle/graal,Yes,https://central.sonatype.com/artifact/com.oracle.substratevm/pointsto/19.2.1,Yes
256,com.oracle.substratevm:svm,Yes,https://github.com/oracle/graal,https://github.com/oracle/graal,Yes,https://central.sonatype.com/artifact/com.oracle.substratevm/svm/19.2.1,Yes
257,com.oracle.substratevm:svm-agent,Yes,https://github.com/oracle/graal,https://github.com/oracle/graal,Yes,https://central.sonatype.com/artifact/com.oracle.substratevm/svm-agent/19.2.1,Yes
258,com.oracle.substratevm:svm-configure,Yes,https://github.com/oracle/graal,https://github.com/oracle/graal,Yes,https://central.sonatype.com/artifact/com.oracle.substratevm/svm-configure/19.2.1,Yes
259,com.oracle.substratevm:svm-driver,Yes,https://github.com/oracle/graal,https://github.com/oracle/graal,Yes,https://central.sonatype.com/artifact/com.oracle.substratevm/svm-driver/19.2.1,Yes
260,com.oracle.substratevm:svm-hosted-native-darwin-amd64,Yes,https://github.com/oracle/graal,https://github.com/oracle/graal,Yes,https://central.sonatype.com/artifact/com.oracle.substratevm/svm-hosted-native-darwin-amd64/19.2.1,Yes
261,org.keycloak.bom:keycloak-adapter-bom,No,https://github.com/keycloak/keycloak,https://github.com/jboss/jboss-parent-pom,No,https://central.sonatype.com/artifact/org.keycloak.bom/keycloak-adapter-bom/24.0.1,Yes
262,org.keycloak.bom:keycloak-bom-parent,No,https://github.com/keycloak/keycloak,https://github.com/jboss/jboss-parent-pom,No,https://central.sonatype.com/artifact/org.keycloak.bom/keycloak-bom-parent/24.0.1,Yes
263,org.keycloak.bom:keycloak-spi-bom,No,https://github.com/keycloak/keycloak,https://github.com/jboss/jboss-parent-pom,No,https://central.sonatype.com/artifact/org.keycloak.bom/keycloak-spi-bom/24.0.1,Yes
264,org.keycloak.example.demo:admin-access-example,Yes,https://github.com/keycloak/keycloak,https://github.com/keycloak/keycloak,Yes,https://central.sonatype.com/artifact/org.keycloak.example.demo/admin-access-example/15.0.2,Yes
265,org.keycloak.example.demo:angular-product-example,Yes,https://github.com/keycloak/keycloak,https://github.com/keycloak/keycloak,Yes,https://central.sonatype.com/artifact/org.keycloak.example.demo/angular-product-example/15.0.2,Yes
266,org.keycloak.example.demo:camel-endpoint-example,Yes,https://github.com/keycloak/keycloak,https://github.com/keycloak/keycloak,Yes,https://central.sonatype.com/artifact/org.keycloak.example.demo/camel-endpoint-example/1.1.1.Final,Yes
267,org.keycloak.example.demo:cors-angular-product-example,Yes,https://github.com/keycloak/keycloak,https://github.com/keycloak/keycloak,Yes,https://central.sonatype.com/artifact/org.keycloak.example.demo/cors-angular-product-example/18.0.2,Yes
268,org.keycloak.example.demo:cors-database-service,Yes,https://github.com/keycloak/keycloak,https://github.com/keycloak/keycloak,Yes,https://central.sonatype.com/artifact/org.keycloak.example.demo/cors-database-service/18.0.2,Yes
269,org.keycloak.example.demo:customer-portal-cli-example,Yes,https://github.com/keycloak/keycloak,https://github.com/keycloak/keycloak,Yes,https://central.sonatype.com/artifact/org.keycloak.example.demo/customer-portal-cli-example/15.0.2,Yes
270,org.keycloak.example.demo:customer-portal-example-ear,Yes,https://github.com/keycloak/keycloak,https://github.com/keycloak/keycloak,Yes,https://central.sonatype.com/artifact/org.keycloak.example.demo/customer-portal-example/15.0.2,Yes
271,com.pig4cloud:mybatis,No,N/A,https://github.com/mybatis/mybatis-3,No,https://central.sonatype.com/artifact/com.pig4cloud/mybatis/0.5.2,Yes
272,io.github.flyinwind1:mybatis,Yes,https://github.com/flyinwind1/mybatis-3,https://github.com/flyinwind1/mybatis-3,Yes,https://central.sonatype.com/artifact/io.github.flyinwind1/mybatis/3.5.11.2,Yes
273,org.mybatis:mybatis,Yes,https://github.com/mybatis/mybatis-3,https://github.com/mybatis/mybatis-3,Yes,https://central.sonatype.com/artifact/org.mybatis/mybatis/3.5.15,Yes
274,tk.mybatis:mybatis,Yes,https://github.com/mybatis/mybatis-3,https://github.com/mybatis/mybatis-3,Yes,https://central.sonatype.com/artifact/tk.mybatis/mybatis/3.4.6-beta1,Yes
275,com.zaxxer:HikariCP,N/A,N/A,https://github.com/brettwooldridge/hikaricp,No,https://central.sonatype.com/artifact/com.zaxxer/HikariCP/5.1.0,Yes
276,io.github.canny1913:apktool-cli,No,N/A,https://github.com/ibotpeaches/apktool,No,https://central.sonatype.com/artifact/io.github.canny1913/apktool-cli/2.7.0,Yes
277,io.github.canny1913:apktool-lib,No,N/A,https://github.com/ibotpeaches/apktool,No,https://central.sonatype.com/artifact/io.github.canny1913/apktool-lib/2.7.0,Yes
278,io.github.canny1913:brut.j.common,No,N/A,https://github.com/ibotpeaches/apktool,No,https://central.sonatype.com/artifact/io.github.canny1913/brut.j.common/2.7.0,Yes
279,io.github.canny1913:brut.j.dir,No,N/A,https://github.com/ibotpeaches/apktool,No,https://central.sonatype.com/artifact/io.github.canny1913/brut.j.dir/2.7.0,Yes
280,io.github.canny1913:brut.j.util,No,N/A,https://github.com/ibotpeaches/apktool,No,https://central.sonatype.com/artifact/io.github.canny1913/brut.j.util/2.7.0,Yes
281,org.apktool:apktool-cli,Yes,https://github.com/ibotpeaches/apktool,https://github.com/ibotpeaches/apktool,Yes,https://central.sonatype.com/artifact/org.apktool/apktool-cli/2.9.3,Yes
282,org.apktool:apktool-lib,Yes,https://github.com/ibotpeaches/apktool,https://github.com/ibotpeaches/apktool,Yes,https://central.sonatype.com/artifact/org.apktool/apktool-cli/2.9.3,Yes
283,org.apktool:brut.j.common,Yes,https://github.com/ibotpeaches/apktool,https://github.com/ibotpeaches/apktool,Yes,https://central.sonatype.com/artifact/org.apktool/brut.j.common/2.9.3,Yes
284,org.apktool:brut.j.dir,Yes,https://github.com/ibotpeaches/apktool,https://github.com/ibotpeaches/apktool,Yes,https://central.sonatype.com/artifact/org.apktool/brut.j.dir/2.9.3,Yes
285,org.apktool:brut.j.util,Yes,https://central.sonatype.com/artifact/org.apktool/brut.j.util/2.9.3,https://central.sonatype.com/artifact/org.apktool/brut.j.util/2.9.3,Yes,https://central.sonatype.com/artifact/org.apktool/brut.j.util/2.9.3,Yes
